stress_level,anxiety_level,depression,self_esteem,bullying
0,5.431635388739946,6.013404825737266,25.25201072386059,468
1,11.430167597765363,11.874301675977653,19.262569832402235,915
2,16.40108401084011,19.829268292682926,8.78048780487805,1496
